<?xml version="1.0" encoding="UTF-8"?>
<project-private xmlns="http://www.netbeans.org/ns/project-private/1">
    <editor-bookmarks xmlns="http://www.netbeans.org/ns/editor-bookmarks/2" lastBookmarkId="0"/>
    <open-files xmlns="http://www.netbeans.org/ns/projectui-open-files/2">
        <group>
            <file>file:/C:/MANIMARAN/Sikkandhar/2026%20Projects/ASCON%20Based%20Lightweight/ASCON/web/UserSignUp.jsp</file>
            <file>file:/C:/MANIMARAN/Sikkandhar/2026%20Projects/ASCON%20Based%20Lightweight/ASCON/src/java/pbft/Login.java</file>
            <file>file:/C:/MANIMARAN/Sikkandhar/2026%20Projects/ASCON%20Based%20Lightweight/ASCON/src/java/pbft/UserSignUp.java</file>
            <file>file:/C:/MANIMARAN/Sikkandhar/2026%20Projects/ASCON%20Based%20Lightweight/ASCON/web/DeviceHome.jsp</file>
            <file>file:/C:/MANIMARAN/Sikkandhar/2026%20Projects/ASCON%20Based%20Lightweight/ASCON/web/index.jsp</file>
            <file>file:/C:/MANIMARAN/Sikkandhar/2026%20Projects/ASCON%20Based%20Lightweight/ASCON/web/Login.jsp</file>
        </group>
    </open-files>
</project-private>
